,Drug,sum
114,Nutlin-3a (-),-1.2782
154,SB590885,-1.061
172,TW 37,-0.835
207,ZM447439,-0.6699999999999999
175,Tanespimycin,-0.6559999999999999
